judul_ciptaan,jenis_ciptaan,nomor_pencatatan,nama_pencipta,dosen_terkait,file_asli
Copicaniplan,Program Komputer,000611097,Muhammad Fakhri Husaini,Dr. Ir. Ricky Avenzora M.Sc.F.Trop.,Copicaniplan - Program Computer.pdf
Copicaniplan,Program Komputer,000611097,Dr. Ir. Ricky Avenzora M.Sc.F.Trop,Dr. Ir. Ricky Avenzora M.Sc.F.Trop.,Copicaniplan - Program Computer.pdf
Copicaniplan,Program Komputer,000611097,"Dr. Insan Kurnia, S.Hut., M.Si",Dr. Ir. Ricky Avenzora M.Sc.F.Trop.,Copicaniplan - Program Computer.pdf
Copicaniplan,Program Komputer,000611097,"Dr. Helianthi Dewi, S.Hut., M.Si",Dr. Ir. Ricky Avenzora M.Sc.F.Trop.,Copicaniplan - Program Computer.pdf
Copicaniplan,Program Komputer,000611097,"Adam Rachmatullah, S.Par., M.Si",Dr. Ir. Ricky Avenzora M.Sc.F.Trop.,Copicaniplan - Program Computer.pdf
Copicaniplan,Program Komputer,000611097,"Dr. Reno Catelya Dira Oktavia, S.E., M.H",Dr. Ir. Ricky Avenzora M.Sc.F.Trop.,Copicaniplan - Program Computer.pdf
Copicaniplan,Program Komputer,000611097,"Dina Sri Suprajanti, S.Hut, M.Si",Dr. Ir. Ricky Avenzora M.Sc.F.Trop.,Copicaniplan - Program Computer.pdf
Panduan Lapang Kelelawar Hutan Batang Toru Sumatera Utara,Buku,000308202,Abdul Haris Mustari,Prof. Dr. Ir. Burhanuddin Masy'ud M.S.; Dr. Ir. Abdul Haris Mustari M.Sc.,DokumenHakCipta_sertifikat_EC00202167646_8f87f3fe-9a22-4376-9ac8-8f9c5e234aef (1).pdf
Panduan Lapang Kelelawar Hutan Batang Toru Sumatera Utara,Buku,000308202,Ajeng Miranti Putri,Prof. Dr. Ir. Burhanuddin Masy'ud M.S.; Dr. Ir. Abdul Haris Mustari M.Sc.,DokumenHakCipta_sertifikat_EC00202167646_8f87f3fe-9a22-4376-9ac8-8f9c5e234aef (1).pdf
Panduan Lapang Kelelawar Hutan Batang Toru Sumatera Utara,Buku,000308202,Burhanuddin Masyud,Prof. Dr. Ir. Burhanuddin Masy'ud M.S.; Dr. Ir. Abdul Haris Mustari M.Sc.,DokumenHakCipta_sertifikat_EC00202167646_8f87f3fe-9a22-4376-9ac8-8f9c5e234aef (1).pdf
Inovasi Sosial dalam Peningkatan Keamanan dan Keselamatan,Poster,001082277,Rinekso Soekmadi,"Dr. Ir. Rinekso Soekmadi M.Sc.F.Trop.; Dr. Eva Rachmawati S.Hut., M.Si.; Resti Meilani S.Hut., M.Si.; Fairuz Rafidah Aflaha S.K.Pm., M.S.; Amrina Rosyada S.T.P., M.Agr.Sc.","Dr. Eva Rachmawati, S.Hut, M.Si/Sertifikat Hak Cipta_Inovasi Sosial dalam Peningkatan Keamanan dan Keselamatan Pengunjung di Jalur Pendakian Taman Nasional Gunung Rinjani.pdf"
Inovasi Sosial dalam Peningkatan Keamanan dan Keselamatan,Poster,001082277,Eva Rachmawati,"Dr. Ir. Rinekso Soekmadi M.Sc.F.Trop.; Dr. Eva Rachmawati S.Hut., M.Si.; Resti Meilani S.Hut., M.Si.; Fairuz Rafidah Aflaha S.K.Pm., M.S.; Amrina Rosyada S.T.P., M.Agr.Sc.","Dr. Eva Rachmawati, S.Hut, M.Si/Sertifikat Hak Cipta_Inovasi Sosial dalam Peningkatan Keamanan dan Keselamatan Pengunjung di Jalur Pendakian Taman Nasional Gunung Rinjani.pdf"
Inovasi Sosial dalam Peningkatan Keamanan dan Keselamatan,Poster,001082277,Resti Meilani,"Dr. Ir. Rinekso Soekmadi M.Sc.F.Trop.; Dr. Eva Rachmawati S.Hut., M.Si.; Resti Meilani S.Hut., M.Si.; Fairuz Rafidah Aflaha S.K.Pm., M.S.; Amrina Rosyada S.T.P., M.Agr.Sc.","Dr. Eva Rachmawati, S.Hut, M.Si/Sertifikat Hak Cipta_Inovasi Sosial dalam Peningkatan Keamanan dan Keselamatan Pengunjung di Jalur Pendakian Taman Nasional Gunung Rinjani.pdf"
Inovasi Sosial dalam Peningkatan Keamanan dan Keselamatan,Poster,001082277,Amrina Rosyada,"Dr. Ir. Rinekso Soekmadi M.Sc.F.Trop.; Dr. Eva Rachmawati S.Hut., M.Si.; Resti Meilani S.Hut., M.Si.; Fairuz Rafidah Aflaha S.K.Pm., M.S.; Amrina Rosyada S.T.P., M.Agr.Sc.","Dr. Eva Rachmawati, S.Hut, M.Si/Sertifikat Hak Cipta_Inovasi Sosial dalam Peningkatan Keamanan dan Keselamatan Pengunjung di Jalur Pendakian Taman Nasional Gunung Rinjani.pdf"
Inovasi Sosial dalam Peningkatan Keamanan dan Keselamatan,Poster,001082277,Fairuz Rafidah Aflaha,"Dr. Ir. Rinekso Soekmadi M.Sc.F.Trop.; Dr. Eva Rachmawati S.Hut., M.Si.; Resti Meilani S.Hut., M.Si.; Fairuz Rafidah Aflaha S.K.Pm., M.S.; Amrina Rosyada S.T.P., M.Agr.Sc.","Dr. Eva Rachmawati, S.Hut, M.Si/Sertifikat Hak Cipta_Inovasi Sosial dalam Peningkatan Keamanan dan Keselamatan Pengunjung di Jalur Pendakian Taman Nasional Gunung Rinjani.pdf"
Inovasi Sosial dalam Peningkatan Keamanan dan Keselamatan,Poster,001082277,Rony Wardani,"Dr. Ir. Rinekso Soekmadi M.Sc.F.Trop.; Dr. Eva Rachmawati S.Hut., M.Si.; Resti Meilani S.Hut., M.Si.; Fairuz Rafidah Aflaha S.K.Pm., M.S.; Amrina Rosyada S.T.P., M.Agr.Sc.","Dr. Eva Rachmawati, S.Hut, M.Si/Sertifikat Hak Cipta_Inovasi Sosial dalam Peningkatan Keamanan dan Keselamatan Pengunjung di Jalur Pendakian Taman Nasional Gunung Rinjani.pdf"
Inovasi Sosial dalam Peningkatan Keamanan dan Keselamatan,Poster,001082277,Mu'adz Ubaidillah,"Dr. Ir. Rinekso Soekmadi M.Sc.F.Trop.; Dr. Eva Rachmawati S.Hut., M.Si.; Resti Meilani S.Hut., M.Si.; Fairuz Rafidah Aflaha S.K.Pm., M.S.; Amrina Rosyada S.T.P., M.Agr.Sc.","Dr. Eva Rachmawati, S.Hut, M.Si/Sertifikat Hak Cipta_Inovasi Sosial dalam Peningkatan Keamanan dan Keselamatan Pengunjung di Jalur Pendakian Taman Nasional Gunung Rinjani.pdf"
Inovasi Sosial dalam Peningkatan Keamanan dan Keselamatan,Poster,001082277,Muhammad Ekki Rizky Indracahya,"Dr. Ir. Rinekso Soekmadi M.Sc.F.Trop.; Dr. Eva Rachmawati S.Hut., M.Si.; Resti Meilani S.Hut., M.Si.; Fairuz Rafidah Aflaha S.K.Pm., M.S.; Amrina Rosyada S.T.P., M.Agr.Sc.","Dr. Eva Rachmawati, S.Hut, M.Si/Sertifikat Hak Cipta_Inovasi Sosial dalam Peningkatan Keamanan dan Keselamatan Pengunjung di Jalur Pendakian Taman Nasional Gunung Rinjani.pdf"
Pengembangan Wisata Rendah Karbon di Kasepuhan Girijaya,Poster,000946307,"Dr. Ir. Nandi Kosmaryandi, M.Sc.F.Trop","Dr. Ir. Nandi Kosmaryandi M.Sc.F.Trop.; Dr. Eva Rachmawati S.Hut., M.Si.; Resti Meilani S.Hut., M.Si.; Fairuz Rafidah Aflaha S.K.Pm., M.S.; Amrina Rosyada S.T.P., M.Agr.Sc.","Dr. Eva Rachmawati, S.Hut, M.Si/Sertifikat Hak Cipta_Pengembangan Wisata Rendah Karbon di Kasepuhan Girijaya, Kecamatan Cidahu, Kabupaten Sukabumi.pdf"
Pengembangan Wisata Rendah Karbon di Kasepuhan Girijaya,Poster,000946307,"Dr. Eva Rachmawati, S.Hut, M.Si","Dr. Ir. Nandi Kosmaryandi M.Sc.F.Trop.; Dr. Eva Rachmawati S.Hut., M.Si.; Resti Meilani S.Hut., M.Si.; Fairuz Rafidah Aflaha S.K.Pm., M.S.; Amrina Rosyada S.T.P., M.Agr.Sc.","Dr. Eva Rachmawati, S.Hut, M.Si/Sertifikat Hak Cipta_Pengembangan Wisata Rendah Karbon di Kasepuhan Girijaya, Kecamatan Cidahu, Kabupaten Sukabumi.pdf"
Pengembangan Wisata Rendah Karbon di Kasepuhan Girijaya,Poster,000946307,"Resti Meilani, S.Hut, M.Si","Dr. Ir. Nandi Kosmaryandi M.Sc.F.Trop.; Dr. Eva Rachmawati S.Hut., M.Si.; Resti Meilani S.Hut., M.Si.; Fairuz Rafidah Aflaha S.K.Pm., M.S.; Amrina Rosyada S.T.P., M.Agr.Sc.","Dr. Eva Rachmawati, S.Hut, M.Si/Sertifikat Hak Cipta_Pengembangan Wisata Rendah Karbon di Kasepuhan Girijaya, Kecamatan Cidahu, Kabupaten Sukabumi.pdf"
Pengembangan Wisata Rendah Karbon di Kasepuhan Girijaya,Poster,000946307,"Amrina Rosyada, S.T.P, M.Agr.Sc","Dr. Ir. Nandi Kosmaryandi M.Sc.F.Trop.; Dr. Eva Rachmawati S.Hut., M.Si.; Resti Meilani S.Hut., M.Si.; Fairuz Rafidah Aflaha S.K.Pm., M.S.; Amrina Rosyada S.T.P., M.Agr.Sc.","Dr. Eva Rachmawati, S.Hut, M.Si/Sertifikat Hak Cipta_Pengembangan Wisata Rendah Karbon di Kasepuhan Girijaya, Kecamatan Cidahu, Kabupaten Sukabumi.pdf"
Pengembangan Wisata Rendah Karbon di Kasepuhan Girijaya,Poster,000946307,"Fairuz Rafidah Aflaha, S.K.Pm., M.S","Dr. Ir. Nandi Kosmaryandi M.Sc.F.Trop.; Dr. Eva Rachmawati S.Hut., M.Si.; Resti Meilani S.Hut., M.Si.; Fairuz Rafidah Aflaha S.K.Pm., M.S.; Amrina Rosyada S.T.P., M.Agr.Sc.","Dr. Eva Rachmawati, S.Hut, M.Si/Sertifikat Hak Cipta_Pengembangan Wisata Rendah Karbon di Kasepuhan Girijaya, Kecamatan Cidahu, Kabupaten Sukabumi.pdf"
Peta Potensi Bahaya Jalur Pendakian Sembalun-Torean Taman,Peta,001082287,Rinekso Soekmadi,"Dr. Ir. Rinekso Soekmadi M.Sc.F.Trop.; Dr. Eva Rachmawati S.Hut., M.Si.; Resti Meilani S.Hut., M.Si.; Fairuz Rafidah Aflaha S.K.Pm., M.S.; Amrina Rosyada S.T.P., M.Agr.Sc.","Dr. Eva Rachmawati, S.Hut, M.Si/Sertifikat Hak Cipta_Peta Potensi Bahaya Jalur Pendakian Sembalun-Torean Taman  Nasional Gunung Rinjani.pdf"
Peta Potensi Bahaya Jalur Pendakian Sembalun-Torean Taman,Peta,001082287,Eva Rachmawati,"Dr. Ir. Rinekso Soekmadi M.Sc.F.Trop.; Dr. Eva Rachmawati S.Hut., M.Si.; Resti Meilani S.Hut., M.Si.; Fairuz Rafidah Aflaha S.K.Pm., M.S.; Amrina Rosyada S.T.P., M.Agr.Sc.","Dr. Eva Rachmawati, S.Hut, M.Si/Sertifikat Hak Cipta_Peta Potensi Bahaya Jalur Pendakian Sembalun-Torean Taman  Nasional Gunung Rinjani.pdf"
Peta Potensi Bahaya Jalur Pendakian Sembalun-Torean Taman,Peta,001082287,Resti Meilani,"Dr. Ir. Rinekso Soekmadi M.Sc.F.Trop.; Dr. Eva Rachmawati S.Hut., M.Si.; Resti Meilani S.Hut., M.Si.; Fairuz Rafidah Aflaha S.K.Pm., M.S.; Amrina Rosyada S.T.P., M.Agr.Sc.","Dr. Eva Rachmawati, S.Hut, M.Si/Sertifikat Hak Cipta_Peta Potensi Bahaya Jalur Pendakian Sembalun-Torean Taman  Nasional Gunung Rinjani.pdf"
Peta Potensi Bahaya Jalur Pendakian Sembalun-Torean Taman,Peta,001082287,Amrina Rosyada,"Dr. Ir. Rinekso Soekmadi M.Sc.F.Trop.; Dr. Eva Rachmawati S.Hut., M.Si.; Resti Meilani S.Hut., M.Si.; Fairuz Rafidah Aflaha S.K.Pm., M.S.; Amrina Rosyada S.T.P., M.Agr.Sc.","Dr. Eva Rachmawati, S.Hut, M.Si/Sertifikat Hak Cipta_Peta Potensi Bahaya Jalur Pendakian Sembalun-Torean Taman  Nasional Gunung Rinjani.pdf"
Peta Potensi Bahaya Jalur Pendakian Sembalun-Torean Taman,Peta,001082287,Fairuz Rafidah Aflaha,"Dr. Ir. Rinekso Soekmadi M.Sc.F.Trop.; Dr. Eva Rachmawati S.Hut., M.Si.; Resti Meilani S.Hut., M.Si.; Fairuz Rafidah Aflaha S.K.Pm., M.S.; Amrina Rosyada S.T.P., M.Agr.Sc.","Dr. Eva Rachmawati, S.Hut, M.Si/Sertifikat Hak Cipta_Peta Potensi Bahaya Jalur Pendakian Sembalun-Torean Taman  Nasional Gunung Rinjani.pdf"
Peta Potensi Bahaya Jalur Pendakian Sembalun-Torean Taman,Peta,001082287,Rony Wardani,"Dr. Ir. Rinekso Soekmadi M.Sc.F.Trop.; Dr. Eva Rachmawati S.Hut., M.Si.; Resti Meilani S.Hut., M.Si.; Fairuz Rafidah Aflaha S.K.Pm., M.S.; Amrina Rosyada S.T.P., M.Agr.Sc.","Dr. Eva Rachmawati, S.Hut, M.Si/Sertifikat Hak Cipta_Peta Potensi Bahaya Jalur Pendakian Sembalun-Torean Taman  Nasional Gunung Rinjani.pdf"
Peta Potensi Bahaya Jalur Pendakian Sembalun-Torean Taman,Peta,001082287,Mu'adz Ubaidillah,"Dr. Ir. Rinekso Soekmadi M.Sc.F.Trop.; Dr. Eva Rachmawati S.Hut., M.Si.; Resti Meilani S.Hut., M.Si.; Fairuz Rafidah Aflaha S.K.Pm., M.S.; Amrina Rosyada S.T.P., M.Agr.Sc.","Dr. Eva Rachmawati, S.Hut, M.Si/Sertifikat Hak Cipta_Peta Potensi Bahaya Jalur Pendakian Sembalun-Torean Taman  Nasional Gunung Rinjani.pdf"
Peta Potensi Bahaya Jalur Pendakian Sembalun-Torean Taman,Peta,001082287,Muhammad Ekki Rizky Indracahya,"Dr. Ir. Rinekso Soekmadi M.Sc.F.Trop.; Dr. Eva Rachmawati S.Hut., M.Si.; Resti Meilani S.Hut., M.Si.; Fairuz Rafidah Aflaha S.K.Pm., M.S.; Amrina Rosyada S.T.P., M.Agr.Sc.","Dr. Eva Rachmawati, S.Hut, M.Si/Sertifikat Hak Cipta_Peta Potensi Bahaya Jalur Pendakian Sembalun-Torean Taman  Nasional Gunung Rinjani.pdf"
Dynamic Model For Sustainable Smallholder Sugarcane Plantation,Program Komputer,000596106,"Dr. Salis Deris Artikanur, S.Si., M.Si","Dr. Yudi Setiawan S.P., M.Env.Sc.","Dr. Yudi Setiawan, S.P, M.Env.Sc/Dynamic Model For Sustainable Smallholder Sugarcane Plantation (DYMOS3P).pdf"
Dynamic Model For Sustainable Smallholder Sugarcane Plantation,Program Komputer,000596106,"Prof. Dr. Ir. Widiatmaka, D.A.A., I.P.U","Dr. Yudi Setiawan S.P., M.Env.Sc.","Dr. Yudi Setiawan, S.P, M.Env.Sc/Dynamic Model For Sustainable Smallholder Sugarcane Plantation (DYMOS3P).pdf"
Dynamic Model For Sustainable Smallholder Sugarcane Plantation,Program Komputer,000596106,"Dr. Yudi Setiawan, S.P., M.Env.Sc","Dr. Yudi Setiawan S.P., M.Env.Sc.","Dr. Yudi Setiawan, S.P, M.Env.Sc/Dynamic Model For Sustainable Smallholder Sugarcane Plantation (DYMOS3P).pdf"
Dynamic Model For Sustainable Smallholder Sugarcane Plantation,Program Komputer,000596106,"Prof. Dr. Ir. Marimin, M.Sc., I.P.U","Dr. Yudi Setiawan S.P., M.Env.Sc.","Dr. Yudi Setiawan, S.P, M.Env.Sc/Dynamic Model For Sustainable Smallholder Sugarcane Plantation (DYMOS3P).pdf"
ECOFLORNA,Permainan Video,000621240,Naufal Rafie Yudha Perkasa,Dr. Ir. Ricky Avenzora M.Sc.F.Trop.,Ecoflorna.pdf
ECOFLORNA,Permainan Video,000621240,"Dr. Ir. Ricky Avenzora, M.Sc.F.Trop",Dr. Ir. Ricky Avenzora M.Sc.F.Trop.,Ecoflorna.pdf
ECOFLORNA,Permainan Video,000621240,"KaniaSofiantina Rahayu, S.I.Kom, M.Par, M.T.H.M",Dr. Ir. Ricky Avenzora M.Sc.F.Trop.,Ecoflorna.pdf
ECOFLORNA,Permainan Video,000621240,"Dr. Melewanto Patabang, S.Hut., M.Si",Dr. Ir. Ricky Avenzora M.Sc.F.Trop.,Ecoflorna.pdf
ECOFLORNA,Permainan Video,000621240,"Dr. Reno Catelya Dira Oktavia, S.E., M.H",Dr. Ir. Ricky Avenzora M.Sc.F.Trop.,Ecoflorna.pdf
FLOFACOPIENS,Program Komputer,000611085,Nanda Ilham,Dr. Ir. Ricky Avenzora M.Sc.F.Trop.,Flofacopiens - Program Komputer.pdf
FLOFACOPIENS,Program Komputer,000611085,"Dr. Ricky Avenzora, M.Sc.F.Trop",Dr. Ir. Ricky Avenzora M.Sc.F.Trop.,Flofacopiens - Program Komputer.pdf
FLOFACOPIENS,Program Komputer,000611085,"Dr. Insan Kurnia, S.Hut., M.Si",Dr. Ir. Ricky Avenzora M.Sc.F.Trop.,Flofacopiens - Program Komputer.pdf
FLOFACOPIENS,Program Komputer,000611085,"Dr. Helianthi Dewi, S.Hut., M.Si",Dr. Ir. Ricky Avenzora M.Sc.F.Trop.,Flofacopiens - Program Komputer.pdf
FLOFACOPIENS,Program Komputer,000611085,"Adam Rachmatullah, S.Par., M.Si",Dr. Ir. Ricky Avenzora M.Sc.F.Trop.,Flofacopiens - Program Komputer.pdf
FLOFACOPIENS,Program Komputer,000611085,"Dr. Reno Catelya Dira Oktavia, S.E., M.H",Dr. Ir. Ricky Avenzora M.Sc.F.Trop.,Flofacopiens - Program Komputer.pdf
FLOFACOPIENS,Program Komputer,000611085,"Dina Sri Suprajanti, S.Hut., M.Si",Dr. Ir. Ricky Avenzora M.Sc.F.Trop.,Flofacopiens - Program Komputer.pdf
Formulasi Minuman Herba Dan Lampes Tea,Modul,000817102,"Prof. Dr. Ir. Nuri Andarwulan, MSi","Prof. Dr. Ir. Ervizal AM Zuhud, M.S.; Dr. Ir. Agus Hikmat M.Sc.F.Trop",Formulasi Minuman Herba Dan Lampes Tea.pdf
Formulasi Minuman Herba Dan Lampes Tea,Modul,000817102,"Prof. Dr. Ir. Ervizal AM. Zuhud, MS","Prof. Dr. Ir. Ervizal AM Zuhud, M.S.; Dr. Ir. Agus Hikmat M.Sc.F.Trop",Formulasi Minuman Herba Dan Lampes Tea.pdf
Formulasi Minuman Herba Dan Lampes Tea,Modul,000817102,"Dr. Ir. Agus Hikmat, MSc. F.Trop","Prof. Dr. Ir. Ervizal AM Zuhud, M.S.; Dr. Ir. Agus Hikmat M.Sc.F.Trop",Formulasi Minuman Herba Dan Lampes Tea.pdf
Formulasi Minuman Herba Dan Lampes Tea,Modul,000817102,"Dr. Ir. Bahruni, MS","Prof. Dr. Ir. Ervizal AM Zuhud, M.S.; Dr. Ir. Agus Hikmat M.Sc.F.Trop",Formulasi Minuman Herba Dan Lampes Tea.pdf
Formulasi Minuman Herba Dan Lampes Tea,Modul,000817102,"Primadhika Al Manar, S.Hut, M.Si","Prof. Dr. Ir. Ervizal AM Zuhud, M.S.; Dr. Ir. Agus Hikmat M.Sc.F.Trop",Formulasi Minuman Herba Dan Lampes Tea.pdf
Formulasi Minuman Herba Dan Lampes Tea,Modul,000817102,"Ria Noviar Triana, STP. MSi","Prof. Dr. Ir. Ervizal AM Zuhud, M.S.; Dr. Ir. Agus Hikmat M.Sc.F.Trop",Formulasi Minuman Herba Dan Lampes Tea.pdf
Formulasi Minuman Herba Dan Lampes Tea,Modul,000817102,Katemi,"Prof. Dr. Ir. Ervizal AM Zuhud, M.S.; Dr. Ir. Agus Hikmat M.Sc.F.Trop",Formulasi Minuman Herba Dan Lampes Tea.pdf
COPAFONA,Permainan Video,000621451,Muhammad Aditya Sholih,Dr. Ir. Ricky Avenzora M.Sc.F.Trop.,Permainan Video - COPAVONA.pdf
COPAFONA,Permainan Video,000621451,"Dr. Ir. Ricky Avenzora, M.Sc.F.Trop",Dr. Ir. Ricky Avenzora M.Sc.F.Trop.,Permainan Video - COPAVONA.pdf
COPAFONA,Permainan Video,000621451,"KaniaSofiantina Rahayu, S.I.Kom, M.Par, MTHM",Dr. Ir. Ricky Avenzora M.Sc.F.Trop.,Permainan Video - COPAVONA.pdf
COPAFONA,Permainan Video,000621451,"Adam Rachmatullah, S.Par., M.Sc",Dr. Ir. Ricky Avenzora M.Sc.F.Trop.,Permainan Video - COPAVONA.pdf
COPAFONA,Permainan Video,000621451,"Dr. Insan Kurnia, S.Hut., M.Si",Dr. Ir. Ricky Avenzora M.Sc.F.Trop.,Permainan Video - COPAVONA.pdf
EcoTher,Permainan Video,000622022,Fachri Eka Fadlullah A,Dr. Ir. Tutut Sunarminto MSi; Dr. Ir. Ricky Avenzora M.Sc.F.Trop.,Permainan Video - Eco Ther.pdf
EcoTher,Permainan Video,000622022,"Dr. Ir. Ricky Avenzora, M.Sc.F.Trop",Dr. Ir. Tutut Sunarminto MSi; Dr. Ir. Ricky Avenzora M.Sc.F.Trop.,Permainan Video - Eco Ther.pdf
EcoTher,Permainan Video,000622022,"Dr. Ir. Tutut Sunarminto, M.Si",Dr. Ir. Tutut Sunarminto MSi; Dr. Ir. Ricky Avenzora M.Sc.F.Trop.,Permainan Video - Eco Ther.pdf
EcoTher,Permainan Video,000622022,"Bedi Mulyana, S. Hut, M. Par, MMCAP",Dr. Ir. Tutut Sunarminto MSi; Dr. Ir. Ricky Avenzora M.Sc.F.Trop.,Permainan Video - Eco Ther.pdf
EcoTher,Permainan Video,000622022,"Ira Resmayasari, S.S., M.Par., M.T.H.M",Dr. Ir. Tutut Sunarminto MSi; Dr. Ir. Ricky Avenzora M.Sc.F.Trop.,Permainan Video - Eco Ther.pdf
Flofa Quizzy,Permainan Video,000621821,Muhammad Fatih Hibatullah,Dr. Ir. Tutut Sunarminto MSi; Dr. Ir. Ricky Avenzora M.Sc.F.Trop.,Permainan Video - Flofa Quizzy.pdf
Flofa Quizzy,Permainan Video,000621821,"Dr. Ir. Ricky Avenzora, M.Sc.F.Trop",Dr. Ir. Tutut Sunarminto MSi; Dr. Ir. Ricky Avenzora M.Sc.F.Trop.,Permainan Video - Flofa Quizzy.pdf
Flofa Quizzy,Permainan Video,000621821,"Dr. Melawanto Patabang, S.Hut., M.Si",Dr. Ir. Tutut Sunarminto MSi; Dr. Ir. Ricky Avenzora M.Sc.F.Trop.,Permainan Video - Flofa Quizzy.pdf
Flofa Quizzy,Permainan Video,000621821,"Dr. Ir. Tutut Sunarminto, M.Si",Dr. Ir. Tutut Sunarminto MSi; Dr. Ir. Ricky Avenzora M.Sc.F.Trop.,Permainan Video - Flofa Quizzy.pdf
Flofa Quizzy,Permainan Video,000621821,"Bedi Mulyana, S. Hut, M. Par, MMCAP",Dr. Ir. Tutut Sunarminto MSi; Dr. Ir. Ricky Avenzora M.Sc.F.Trop.,Permainan Video - Flofa Quizzy.pdf
Flofa Quizzy,Permainan Video,000621821,"Ira Resmayasari, S.S., M.Par., M.T.H.M",Dr. Ir. Tutut Sunarminto MSi; Dr. Ir. Ricky Avenzora M.Sc.F.Trop.,Permainan Video - Flofa Quizzy.pdf
LONA (Mengenal Flora Dan Fauna),Permainan Video,000621239,Muhammad Amar Bil Qisti,Dr. Ir. Harnios Arief M.Sc.F.Trop.; Dr. Ir. Ricky Avenzora M.Sc.F.Trop.,Permainan Video - LONA (Mengenal Flora dan Fauna).pdf
LONA (Mengenal Flora Dan Fauna),Permainan Video,000621239,"Dr. Ir. Ricky Avenzora, M.Sc.F.Trop",Dr. Ir. Harnios Arief M.Sc.F.Trop.; Dr. Ir. Ricky Avenzora M.Sc.F.Trop.,Permainan Video - LONA (Mengenal Flora dan Fauna).pdf
LONA (Mengenal Flora Dan Fauna),Permainan Video,000621239,"Dr. Ir. Harnios Arief, M.Sc.F",Dr. Ir. Harnios Arief M.Sc.F.Trop.; Dr. Ir. Ricky Avenzora M.Sc.F.Trop.,Permainan Video - LONA (Mengenal Flora dan Fauna).pdf
LONA (Mengenal Flora Dan Fauna),Permainan Video,000621239,"Dr. Rini Untari, S.Hut., M.Si",Dr. Ir. Harnios Arief M.Sc.F.Trop.; Dr. Ir. Ricky Avenzora M.Sc.F.Trop.,Permainan Video - LONA (Mengenal Flora dan Fauna).pdf
LONA (Mengenal Flora Dan Fauna),Permainan Video,000621239,"Dr. Gatot Widodo, S.Pd., M.Pd",Dr. Ir. Harnios Arief M.Sc.F.Trop.; Dr. Ir. Ricky Avenzora M.Sc.F.Trop.,Permainan Video - LONA (Mengenal Flora dan Fauna).pdf
LONA (Mengenal Flora Dan Fauna),Permainan Video,000621239,"Dina Sri Suprajanti, S.Hut., M.Si",Dr. Ir. Harnios Arief M.Sc.F.Trop.; Dr. Ir. Ricky Avenzora M.Sc.F.Trop.,Permainan Video - LONA (Mengenal Flora dan Fauna).pdf
PERBANA,Permainan Video,000621747,Boni Fargas Napitupulu,Dr. Ir. Harnios Arief M.Sc.F.Trop.; Dr. Ir. Ricky Avenzora M.Sc.F.Trop.,Permainan Video - PERBANA.pdf
PERBANA,Permainan Video,000621747,"Dr. Ir. Ricky Avenzora, M.Sc.F.Trop",Dr. Ir. Harnios Arief M.Sc.F.Trop.; Dr. Ir. Ricky Avenzora M.Sc.F.Trop.,Permainan Video - PERBANA.pdf
PERBANA,Permainan Video,000621747,"Dr. Ir. Harnios Arief, M.Sc.F",Dr. Ir. Harnios Arief M.Sc.F.Trop.; Dr. Ir. Ricky Avenzora M.Sc.F.Trop.,Permainan Video - PERBANA.pdf
PERBANA,Permainan Video,000621747,"Dr. Rini Untari, S.Hut., M.Si",Dr. Ir. Harnios Arief M.Sc.F.Trop.; Dr. Ir. Ricky Avenzora M.Sc.F.Trop.,Permainan Video - PERBANA.pdf
PERBANA,Permainan Video,000621747,"Dina Sri Suprajanti, S.Hut., M.Si",Dr. Ir. Harnios Arief M.Sc.F.Trop.; Dr. Ir. Ricky Avenzora M.Sc.F.Trop.,Permainan Video - PERBANA.pdf
EcoEnigma Puzzle Flora Dan Fauna,Program Komputer,000613822,Ahmad Zhilli Mamdudi M,Dr. Ir. Harnios Arief M.Sc.F.Trop.; Dr. Ir. Ricky Avenzora M.Sc.F.Trop.,Program Komputer - EcoEnigma Puzzle Flora Dan Fauna.pdf
EcoEnigma Puzzle Flora Dan Fauna,Program Komputer,000613822,"Dr. Ir. Ricky Avenzora, M.Sc.F.Trop",Dr. Ir. Harnios Arief M.Sc.F.Trop.; Dr. Ir. Ricky Avenzora M.Sc.F.Trop.,Program Komputer - EcoEnigma Puzzle Flora Dan Fauna.pdf
EcoEnigma Puzzle Flora Dan Fauna,Program Komputer,000613822,"Dr. Ir. H. Harnios Arief, M.Sc.F",Dr. Ir. Harnios Arief M.Sc.F.Trop.; Dr. Ir. Ricky Avenzora M.Sc.F.Trop.,Program Komputer - EcoEnigma Puzzle Flora Dan Fauna.pdf
EcoEnigma Puzzle Flora Dan Fauna,Program Komputer,000613822,"Dr. Occy Bonanza, SP., M.T",Dr. Ir. Harnios Arief M.Sc.F.Trop.; Dr. Ir. Ricky Avenzora M.Sc.F.Trop.,Program Komputer - EcoEnigma Puzzle Flora Dan Fauna.pdf
EcoEnigma Puzzle Flora Dan Fauna,Program Komputer,000613822,"Oktovianus, S.Hut.,M.Sc",Dr. Ir. Harnios Arief M.Sc.F.Trop.; Dr. Ir. Ricky Avenzora M.Sc.F.Trop.,Program Komputer - EcoEnigma Puzzle Flora Dan Fauna.pdf
JENGGALA BESTARI,Program Komputer,000621490,Raffi Omar Radianzza,Dr. Ir. Harnios Arief M.Sc.F.Trop.; Dr. Ir. Ricky Avenzora M.Sc.F.Trop.,Program Komputer - JENGGALA BESTARII.pdf
JENGGALA BESTARI,Program Komputer,000621490,"Dr. Ir. Ricky Avenzora, M.Sc.F.Trop",Dr. Ir. Harnios Arief M.Sc.F.Trop.; Dr. Ir. Ricky Avenzora M.Sc.F.Trop.,Program Komputer - JENGGALA BESTARII.pdf
JENGGALA BESTARI,Program Komputer,000621490,"Dr. Ir. Harnios Arief, M.Sc.F",Dr. Ir. Harnios Arief M.Sc.F.Trop.; Dr. Ir. Ricky Avenzora M.Sc.F.Trop.,Program Komputer - JENGGALA BESTARII.pdf
JENGGALA BESTARI,Program Komputer,000621490,"Dr. Rini Untari, S.Hut., M.Si",Dr. Ir. Harnios Arief M.Sc.F.Trop.; Dr. Ir. Ricky Avenzora M.Sc.F.Trop.,Program Komputer - JENGGALA BESTARII.pdf
JENGGALA BESTARI,Program Komputer,000621490,"Dr. Gatot Widodo, S.Pd., M.Pd",Dr. Ir. Harnios Arief M.Sc.F.Trop.; Dr. Ir. Ricky Avenzora M.Sc.F.Trop.,Program Komputer - JENGGALA BESTARII.pdf
JENGGALA BESTARI,Program Komputer,000621490,"Dina Sri Suprajanti, S.Hut., M.Si",Dr. Ir. Harnios Arief M.Sc.F.Trop.; Dr. Ir. Ricky Avenzora M.Sc.F.Trop.,Program Komputer - JENGGALA BESTARII.pdf
PLANIRIA,Program Komputer,000621473,Luthfy Anugrah Kesuma Perdana,Dr. Ir. Harnios Arief M.Sc.F.Trop.; Dr. Ir. Ricky Avenzora M.Sc.F.Trop.,Program Komputer - PLANIRIA.pdf
PLANIRIA,Program Komputer,000621473,"Dr. Ir. Ricky Avenzora, M.Sc.F.Trop",Dr. Ir. Harnios Arief M.Sc.F.Trop.; Dr. Ir. Ricky Avenzora M.Sc.F.Trop.,Program Komputer - PLANIRIA.pdf
PLANIRIA,Program Komputer,000621473,"Dr. Ir. Harnios Arief, M.Sc.F",Dr. Ir. Harnios Arief M.Sc.F.Trop.; Dr. Ir. Ricky Avenzora M.Sc.F.Trop.,Program Komputer - PLANIRIA.pdf
PLANIRIA,Program Komputer,000621473,"Dr. Rini Untari, S.Hut., M.Si",Dr. Ir. Harnios Arief M.Sc.F.Trop.; Dr. Ir. Ricky Avenzora M.Sc.F.Trop.,Program Komputer - PLANIRIA.pdf
PLANIRIA,Program Komputer,000621473,"Dina Sri Suprajanti, S.Hut., M.Si",Dr. Ir. Harnios Arief M.Sc.F.Trop.; Dr. Ir. Ricky Avenzora M.Sc.F.Trop.,Program Komputer - PLANIRIA.pdf
PLANIRIA,Program Komputer,000621473,"Dr. Occy Bonanza, S.P., M.T",Dr. Ir. Harnios Arief M.Sc.F.Trop.; Dr. Ir. Ricky Avenzora M.Sc.F.Trop.,Program Komputer - PLANIRIA.pdf
Word Game Square Nature,Program Komputer,000614025,Muhammad Rizky,Dr. Ir. Harnios Arief M.Sc.F.Trop.; Dr. Ir. Ricky Avenzora M.Sc.F.Trop.,Program Komputer - Word Game Square Nature.pdf
Word Game Square Nature,Program Komputer,000614025,"Dr. Ir. Ricky Avenzora, M.Sc.F.Trop",Dr. Ir. Harnios Arief M.Sc.F.Trop.; Dr. Ir. Ricky Avenzora M.Sc.F.Trop.,Program Komputer - Word Game Square Nature.pdf
Word Game Square Nature,Program Komputer,000614025,"Dr. Ir. H. Harnios Arief, M.Sc.F",Dr. Ir. Harnios Arief M.Sc.F.Trop.; Dr. Ir. Ricky Avenzora M.Sc.F.Trop.,Program Komputer - Word Game Square Nature.pdf
Word Game Square Nature,Program Komputer,000614025,"Dr. Occy Bonanza, SP., M.T",Dr. Ir. Harnios Arief M.Sc.F.Trop.; Dr. Ir. Ricky Avenzora M.Sc.F.Trop.,Program Komputer - Word Game Square Nature.pdf
Word Game Square Nature,Program Komputer,000614025,"Oktovianus, S.Hut.,M.Sc",Dr. Ir. Harnios Arief M.Sc.F.Trop.; Dr. Ir. Ricky Avenzora M.Sc.F.Trop.,Program Komputer - Word Game Square Nature.pdf
Pemanfaatan Augmented Reality (AR) Berbasis Lokasi Untuk,Program Komputer,000861487,"Ratna Sari Hasibuan, S.Hut., M.Si",Dr. Ir. Rinekso Soekmadi M.Sc.F.Trop.,Program Komputer Pemanfaatan Augmented Reality (AR) Berbasis Lokasi Untuk Edukasi Dan Konservasi Satwa.pdf
Pemanfaatan Augmented Reality (AR) Berbasis Lokasi Untuk,Program Komputer,000861487,"Dr. Ir. Rinekso Soekmadi, M.Sc.F.Trop",Dr. Ir. Rinekso Soekmadi M.Sc.F.Trop.,Program Komputer Pemanfaatan Augmented Reality (AR) Berbasis Lokasi Untuk Edukasi Dan Konservasi Satwa.pdf
Pemanfaatan Augmented Reality (AR) Berbasis Lokasi Untuk,Program Komputer,000861487,"Prof.Dr.Ir.Heri Purnomo, M.Comp",Dr. Ir. Rinekso Soekmadi M.Sc.F.Trop.,Program Komputer Pemanfaatan Augmented Reality (AR) Berbasis Lokasi Untuk Edukasi Dan Konservasi Satwa.pdf
Pemanfaatan Augmented Reality (AR) Berbasis Lokasi Untuk,Program Komputer,000861487,Dr. Eng. Nur Budi Mulyono,Dr. Ir. Rinekso Soekmadi M.Sc.F.Trop.,Program Komputer Pemanfaatan Augmented Reality (AR) Berbasis Lokasi Untuk Edukasi Dan Konservasi Satwa.pdf
Biodiversitas di Kampus IPB University,Buku,000223938,"Dr. Ir. Abdul Haris Mustari, M.Sc.F.Trop.",Dr. Ir. Abdul Haris Mustari M.Sc.,Screenshot 2026-05-21 141217.png
EcoSystem Ver. 2.0: Sistem Pintar Deteksi Cepat Konversi Lahan,Program Komputer,000257617,"Dr. Yudi Setiawan, S.P., M.Env.Sc.","Prof. Dr. Ir. Lilik Budi Prasetyo M.Sc.; Dr. Yudi Setiawan S.P., M.Env.Sc.; Arif Kurnia Wijayanto S.TP., M.Sc.","Dr. Yudi Setiawan, S.P, M.Env.Sc/EcoSystem Ver. 2.0 Sistem Pintar Deteksi Cepat Konversi Lahan.png"
EcoSystem Ver. 2.0: Sistem Pintar Deteksi Cepat Konversi Lahan,Program Komputer,000257617,"Prof. Dr. Ir. Lilik Budi Prasetyo, M.Sc.","Prof. Dr. Ir. Lilik Budi Prasetyo M.Sc.; Dr. Yudi Setiawan S.P., M.Env.Sc.; Arif Kurnia Wijayanto S.TP., M.Sc.","Dr. Yudi Setiawan, S.P, M.Env.Sc/EcoSystem Ver. 2.0 Sistem Pintar Deteksi Cepat Konversi Lahan.png"
EcoSystem Ver. 2.0: Sistem Pintar Deteksi Cepat Konversi Lahan,Program Komputer,000257617,"Benni Purwonegoro, S.Kom, M.Sc","Prof. Dr. Ir. Lilik Budi Prasetyo M.Sc.; Dr. Yudi Setiawan S.P., M.Env.Sc.; Arif Kurnia Wijayanto S.TP., M.Sc.","Dr. Yudi Setiawan, S.P, M.Env.Sc/EcoSystem Ver. 2.0 Sistem Pintar Deteksi Cepat Konversi Lahan.png"
EcoSystem Ver. 2.0: Sistem Pintar Deteksi Cepat Konversi Lahan,Program Komputer,000257617,"Dr. Liyantono, S.T.P., M.Agr.","Prof. Dr. Ir. Lilik Budi Prasetyo M.Sc.; Dr. Yudi Setiawan S.P., M.Env.Sc.; Arif Kurnia Wijayanto S.TP., M.Sc.","Dr. Yudi Setiawan, S.P, M.Env.Sc/EcoSystem Ver. 2.0 Sistem Pintar Deteksi Cepat Konversi Lahan.png"
EcoSystem Ver. 2.0: Sistem Pintar Deteksi Cepat Konversi Lahan,Program Komputer,000257617,"Arif Kurnia Wijayanto, S.T.P., M.Sc.","Prof. Dr. Ir. Lilik Budi Prasetyo M.Sc.; Dr. Yudi Setiawan S.P., M.Env.Sc.; Arif Kurnia Wijayanto S.TP., M.Sc.","Dr. Yudi Setiawan, S.P, M.Env.Sc/EcoSystem Ver. 2.0 Sistem Pintar Deteksi Cepat Konversi Lahan.png"
EcoSystem Ver. 2.0: Sistem Pintar Deteksi Cepat Konversi Lahan,Program Komputer,000257617,"Dr. Rahmat Pramulya, MS.","Prof. Dr. Ir. Lilik Budi Prasetyo M.Sc.; Dr. Yudi Setiawan S.P., M.Env.Sc.; Arif Kurnia Wijayanto S.TP., M.Sc.","Dr. Yudi Setiawan, S.P, M.Env.Sc/EcoSystem Ver. 2.0 Sistem Pintar Deteksi Cepat Konversi Lahan.png"
EcoSystem Ver. 2.0: Sistem Pintar Deteksi Cepat Konversi Lahan,Program Komputer,000257617,"Muhammad Hasannudin Yusa, S.Komp., M.Sc.","Prof. Dr. Ir. Lilik Budi Prasetyo M.Sc.; Dr. Yudi Setiawan S.P., M.Env.Sc.; Arif Kurnia Wijayanto S.TP., M.Sc.","Dr. Yudi Setiawan, S.P, M.Env.Sc/EcoSystem Ver. 2.0 Sistem Pintar Deteksi Cepat Konversi Lahan.png"
Koneka-Box (Exploring Indonesia's Biodiversity): Wisata Virtual Berbasis Edukasi tentang Keanekaragaman Hayati Indonesia,Film,000290904,Rahmah Zikra Utami,"Dr. Eva Rachmawati S.Hut., M.Si.","Dr. Eva Rachmawati, S.Hut, M.Si/koneka box.png"
Koneka-Box (Exploring Indonesia's Biodiversity): Wisata Virtual Berbasis Edukasi tentang Keanekaragaman Hayati Indonesia,Film,000290904,Anisa Dwitama Graduita,"Dr. Eva Rachmawati S.Hut., M.Si.","Dr. Eva Rachmawati, S.Hut, M.Si/koneka box.png"
Koneka-Box (Exploring Indonesia's Biodiversity): Wisata Virtual Berbasis Edukasi tentang Keanekaragaman Hayati Indonesia,Film,000290904,Anggita Utami Cahyaningtyas,"Dr. Eva Rachmawati S.Hut., M.Si.","Dr. Eva Rachmawati, S.Hut, M.Si/koneka box.png"
Koneka-Box (Exploring Indonesia's Biodiversity): Wisata Virtual Berbasis Edukasi tentang Keanekaragaman Hayati Indonesia,Film,000290904,Fikri Ahmad Haidar Nurlhida,"Dr. Eva Rachmawati S.Hut., M.Si.","Dr. Eva Rachmawati, S.Hut, M.Si/koneka box.png"
Koneka-Box (Exploring Indonesia's Biodiversity): Wisata Virtual Berbasis Edukasi tentang Keanekaragaman Hayati Indonesia,Film,000290904,"Dr. Eva Rachmawati, S.Hut, M.Si.","Dr. Eva Rachmawati S.Hut., M.Si.","Dr. Eva Rachmawati, S.Hut, M.Si/koneka box.png"
Peta Foto Udara Areal Tanaman TOSO di Hutan Pendidikan Gunung Walat,Peta,EC002025183910,Qori Pebrial Ilham,"Dr. Eva Rachmawati S.Hut., M.Si.","Dr. Eva Rachmawati, S.Hut, M.Si/Peta Foto Udara Areal Tanaman TOSO di Hutan Pendidikan Gunung Walat.png"
Peta Foto Udara Areal Tanaman TOSO di Hutan Pendidikan Gunung Walat,Peta,EC002025183910,Priyanto,"Dr. Eva Rachmawati S.Hut., M.Si.","Dr. Eva Rachmawati, S.Hut, M.Si/Peta Foto Udara Areal Tanaman TOSO di Hutan Pendidikan Gunung Walat.png"
Peta Foto Udara Areal Tanaman TOSO di Hutan Pendidikan Gunung Walat,Peta,EC002025183910,Lufthi Rusniarsyah,"Dr. Eva Rachmawati S.Hut., M.Si.","Dr. Eva Rachmawati, S.Hut, M.Si/Peta Foto Udara Areal Tanaman TOSO di Hutan Pendidikan Gunung Walat.png"
Peta Foto Udara Areal Tanaman TOSO di Hutan Pendidikan Gunung Walat,Peta,EC002025183910,"Dr. Eva Rachmawati, S.Hut, M.Si.","Dr. Eva Rachmawati S.Hut., M.Si.","Dr. Eva Rachmawati, S.Hut, M.Si/Peta Foto Udara Areal Tanaman TOSO di Hutan Pendidikan Gunung Walat.png"
